,a√±o,mes,cod_depto,cod_muni,destino,area,Time
0,2005,01,13,1,1,910,2005-01-28
1,2005,01,13,1,5,60,2005-01-28
2,2005,01,13,1,6,496,2005-01-28
3,2005,01,13,1,7,169,2005-01-28
4,2005,01,13,1,11,304,2005-01-28
5,2005,2,13,1,1,833,2005-2-28
6,2005,2,13,1,4,11298,2005-2-28
7,2005,2,13,1,5,72,2005-2-28
8,2005,2,13,1,6,776,2005-2-28
9,2005,2,13,1,7,1896,2005-2-28
10,2005,3,13,1,1,1786,2005-3-28
11,2005,3,13,1,4,2026,2005-3-28
12,2005,3,13,1,5,1124,2005-3-28
13,2005,3,13,1,6,9269,2005-3-28
14,2005,3,13,1,7,356,2005-3-28
15,2005,3,13,1,10,250,2005-3-28
16,2005,4,13,1,1,21052,2005-4-28
17,2005,4,13,1,4,5174,2005-4-28
18,2005,4,13,1,5,6668,2005-4-28
19,2005,4,13,1,8,1639,2005-4-28
20,2005,5,13,1,1,4008,2005-5-28
21,2005,5,13,1,3,194,2005-5-28
22,2005,5,13,1,4,242,2005-5-28
23,2005,5,13,1,5,105,2005-5-28
24,2005,6,13,1,1,41471,2005-6-28
25,2005,6,13,1,2,99,2005-6-28
26,2005,6,13,1,3,94,2005-6-28
27,2005,6,13,1,4,1762,2005-6-28
28,2005,6,13,1,5,1767,2005-6-28
29,2005,6,13,1,6,1043,2005-6-28
30,2005,6,13,1,7,4396,2005-6-28
31,2005,6,13,1,11,4060,2005-6-28
32,2005,7,13,1,1,6154,2005-7-28
33,2005,7,13,1,2,453,2005-7-28
34,2005,7,13,1,4,1734,2005-7-28
35,2005,7,13,1,5,5042,2005-7-28
36,2005,8,13,1,1,2273,2005-8-28
37,2005,8,13,1,3,11653,2005-8-28
38,2005,8,13,1,4,1261,2005-8-28
39,2005,8,13,1,5,1254,2005-8-28
40,2005,9,13,1,1,7006,2005-9-28
41,2005,9,13,1,2,876,2005-9-28
42,2005,9,13,1,4,1777,2005-9-28
43,2005,9,13,1,5,1755,2005-9-28
44,2005,9,13,1,7,4900,2005-9-28
45,2005,9,13,1,10,257,2005-9-28
46,2005,10,13,1,1,12725,2005-10-28
47,2005,10,13,1,5,21241,2005-10-28
48,2005,10,13,1,6,3511,2005-10-28
49,2005,10,13,1,10,267,2005-10-28
50,2005,11,13,1,1,22358,2005-11-28
51,2005,11,13,1,2,852,2005-11-28
52,2005,11,13,1,5,2086,2005-11-28
53,2005,11,13,1,7,10322,2005-11-28
54,2005,11,13,1,8,659,2005-11-28
55,2005,11,13,1,10,504,2005-11-28
56,2005,12,13,1,1,8838,2005-12-28
57,2005,12,13,1,4,774,2005-12-28
58,2005,12,13,1,5,503,2005-12-28
59,2005,12,13,1,8,548,2005-12-28
60,2006,01,13,1,1,28288,2006-01-28
61,2006,01,13,1,5,573,2006-01-28
62,2006,01,13,1,7,9110,2006-01-28
63,2006,2,13,1,1,30295,2006-2-28
64,2006,2,13,1,4,701,2006-2-28
65,2006,2,13,1,5,13597,2006-2-28
66,2006,2,13,1,6,1870,2006-2-28
67,2006,2,13,1,9,1131,2006-2-28
68,2006,2,13,1,10,269,2006-2-28
69,2006,3,13,1,1,26901,2006-3-28
70,2006,3,13,1,4,1107,2006-3-28
71,2006,3,13,1,5,5223,2006-3-28
72,2006,3,13,1,8,1804,2006-3-28
73,2006,4,13,1,1,1102,2006-4-28
74,2006,4,13,1,3,367,2006-4-28
75,2006,4,13,1,5,1182,2006-4-28
76,2006,4,13,1,6,3400,2006-4-28
77,2006,5,13,1,1,4286,2006-5-28
78,2006,5,13,1,3,838,2006-5-28
79,2006,5,13,1,4,2994,2006-5-28
80,2006,5,13,1,5,3067,2006-5-28
81,2006,5,13,1,8,1033,2006-5-28
82,2006,5,13,1,10,164,2006-5-28
83,2006,5,13,1,11,151,2006-5-28
84,2006,5,13,1,12,292,2006-5-28
85,2006,6,13,1,1,19202,2006-6-28
86,2006,6,13,1,4,2568,2006-6-28
87,2006,6,13,1,7,264,2006-6-28
88,2006,6,13,1,10,210,2006-6-28
89,2006,7,13,1,1,35145,2006-7-28
90,2006,7,13,1,5,130,2006-7-28
91,2006,7,13,1,8,10774,2006-7-28
92,2006,8,13,1,1,13438,2006-8-28
93,2006,8,13,1,2,273,2006-8-28
94,2006,8,13,1,3,285,2006-8-28
95,2006,8,13,1,5,612,2006-8-28
96,2006,8,13,1,9,5274,2006-8-28
97,2006,9,13,1,1,56783,2006-9-28
98,2006,9,13,1,5,1318,2006-9-28
99,2006,9,13,1,7,252,2006-9-28
100,2006,9,13,1,10,685,2006-9-28
101,2006,10,13,1,1,18429,2006-10-28
102,2006,10,13,1,3,110,2006-10-28
103,2006,10,13,1,4,716,2006-10-28
104,2006,10,13,1,5,31,2006-10-28
105,2006,10,13,1,6,1883,2006-10-28
106,2006,11,13,1,1,5886,2006-11-28
107,2006,11,13,1,3,99,2006-11-28
108,2006,11,13,1,5,48210,2006-11-28
109,2006,11,13,1,7,2008,2006-11-28
110,2006,11,13,1,8,8499,2006-11-28
111,2006,12,13,1,1,37184,2006-12-28
112,2006,12,13,1,5,2018,2006-12-28
113,2007,01,13,1,1,3618,2007-01-28
114,2007,01,13,1,3,254,2007-01-28
115,2007,01,13,1,5,927,2007-01-28
116,2007,01,13,1,6,3359,2007-01-28
117,2007,01,13,1,7,292,2007-01-28
118,2007,01,13,1,8,450,2007-01-28
119,2007,2,13,1,1,64946,2007-2-28
120,2007,2,13,1,3,362,2007-2-28
121,2007,2,13,1,4,5238,2007-2-28
122,2007,2,13,1,5,19185,2007-2-28
123,2007,3,13,1,1,87847,2007-3-28
124,2007,3,13,1,4,2485,2007-3-28
125,2007,3,13,1,7,11707,2007-3-28
126,2007,4,13,1,1,8492,2007-4-28
127,2007,4,13,1,3,188,2007-4-28
128,2007,5,13,1,1,6301,2007-5-28
129,2007,5,13,1,2,1724,2007-5-28
130,2007,5,13,1,4,1278,2007-5-28
131,2007,5,13,1,5,835,2007-5-28
132,2007,5,13,1,6,760,2007-5-28
133,2007,6,13,1,1,122813,2007-6-28
134,2007,6,13,1,2,553,2007-6-28
135,2007,6,13,1,5,6132,2007-6-28
136,2007,6,13,1,7,312,2007-6-28
137,2007,6,13,1,10,1263,2007-6-28
138,2007,7,13,1,1,24560,2007-7-28
139,2007,7,13,1,2,39108,2007-7-28
140,2007,7,13,1,3,1672,2007-7-28
141,2007,7,13,1,4,5647,2007-7-28
142,2007,7,13,1,5,42,2007-7-28
143,2007,7,13,1,6,400,2007-7-28
144,2007,7,13,1,7,2040,2007-7-28
145,2007,7,13,1,11,350,2007-7-28
146,2007,8,13,1,1,27508,2007-8-28
147,2007,8,13,1,4,12852,2007-8-28
148,2007,8,13,1,5,15650,2007-8-28
149,2007,8,13,1,9,112,2007-8-28
150,2007,9,13,1,1,18107,2007-9-28
151,2007,9,13,1,3,241,2007-9-28
152,2007,9,13,1,4,5211,2007-9-28
153,2007,9,13,1,5,184,2007-9-28
154,2007,9,13,1,6,27410,2007-9-28
155,2007,10,13,1,1,48300,2007-10-28
156,2007,10,13,1,2,18343,2007-10-28
157,2007,10,13,1,4,3270,2007-10-28
158,2007,10,13,1,5,765,2007-10-28
159,2007,10,13,1,11,807,2007-10-28
160,2007,11,13,1,1,3562,2007-11-28
161,2007,11,13,1,5,1013,2007-11-28
162,2007,12,13,1,1,7483,2007-12-28
163,2007,12,13,1,4,2449,2007-12-28
164,2007,12,13,1,5,1986,2007-12-28
165,2008,01,13,1,1,106723,2008-01-28
166,2008,01,13,1,4,2713,2008-01-28
167,2008,01,13,1,5,1622,2008-01-28
168,2008,01,13,1,6,3300,2008-01-28
169,2008,2,13,1,1,38275,2008-2-28
170,2008,2,13,1,4,1570,2008-2-28
171,2008,2,13,1,5,3651,2008-2-28
172,2008,2,13,1,6,3967,2008-2-28
173,2008,3,13,1,1,43619,2008-3-28
174,2008,3,13,1,3,7280,2008-3-28
175,2008,3,13,1,4,1285,2008-3-28
176,2008,3,13,1,5,641,2008-3-28
177,2008,3,13,1,6,8500,2008-3-28
178,2008,3,13,1,7,391,2008-3-28
179,2008,4,13,1,1,16290,2008-4-28
180,2008,4,13,1,2,507,2008-4-28
181,2008,4,13,1,4,5668,2008-4-28
182,2008,4,13,1,5,58,2008-4-28
183,2008,4,13,1,6,8621,2008-4-28
184,2008,5,13,1,1,8955,2008-5-28
185,2008,5,13,1,2,486,2008-5-28
186,2008,5,13,1,5,531,2008-5-28
187,2008,5,13,1,7,1512,2008-5-28
188,2008,6,13,1,1,12158,2008-6-28
189,2008,6,13,1,5,550,2008-6-28
190,2008,6,13,1,12,21,2008-6-28
191,2008,7,13,1,1,65367,2008-7-28
192,2008,7,13,1,3,572,2008-7-28
193,2008,7,13,1,4,5720,2008-7-28
194,2008,7,13,1,5,26760,2008-7-28
195,2008,7,13,1,6,2583,2008-7-28
196,2008,7,13,1,7,600,2008-7-28
197,2008,8,13,1,1,15973,2008-8-28
198,2008,8,13,1,2,994,2008-8-28
199,2008,8,13,1,4,343,2008-8-28
200,2008,8,13,1,5,2105,2008-8-28
201,2008,8,13,1,12,273,2008-8-28
202,2008,9,13,1,1,28385,2008-9-28
203,2008,9,13,1,3,400,2008-9-28
204,2008,9,13,1,4,8755,2008-9-28
205,2008,9,13,1,5,4905,2008-9-28
206,2008,9,13,1,6,29859,2008-9-28
207,2008,10,13,1,1,11011,2008-10-28
208,2008,10,13,1,4,10624,2008-10-28
209,2008,10,13,1,5,15672,2008-10-28
210,2008,10,13,1,6,1140,2008-10-28
211,2008,10,13,1,7,5606,2008-10-28
212,2008,10,13,1,8,897,2008-10-28
213,2008,10,13,1,12,855,2008-10-28
214,2008,11,13,1,1,4830,2008-11-28
215,2008,11,13,1,4,568,2008-11-28
216,2008,12,13,1,1,1745,2008-12-28
217,2008,12,13,1,3,182,2008-12-28
218,2008,12,13,1,4,4171,2008-12-28
219,2008,12,13,1,5,64,2008-12-28
220,2008,12,13,1,6,99973,2008-12-28
221,2008,12,13,1,8,1734,2008-12-28
222,2008,12,13,1,10,973,2008-12-28
223,2009,01,13,1,1,3849,2009-01-28
224,2009,01,13,1,3,391,2009-01-28
225,2009,01,13,1,5,149,2009-01-28
226,2009,01,13,1,6,24576,2009-01-28
227,2009,2,13,1,1,36793,2009-2-28
228,2009,2,13,1,2,200,2009-2-28
229,2009,2,13,1,4,20215,2009-2-28
230,2009,3,13,1,1,2059,2009-3-28
231,2009,3,13,1,2,1074,2009-3-28
232,2009,3,13,1,3,119,2009-3-28
233,2009,3,13,1,5,2387,2009-3-28
234,2009,3,13,1,8,258,2009-3-28
235,2009,4,13,1,1,3182,2009-4-28
236,2009,4,13,1,3,260,2009-4-28
237,2009,4,13,1,5,5003,2009-4-28
238,2009,4,13,1,8,895,2009-4-28
239,2009,5,13,1,1,12477,2009-5-28
240,2009,5,13,1,2,1450,2009-5-28
241,2009,5,13,1,4,6792,2009-5-28
242,2009,5,13,1,5,262,2009-5-28
243,2009,5,13,1,8,5665,2009-5-28
244,2009,5,13,1,9,207,2009-5-28
245,2009,6,13,1,1,2015,2009-6-28
246,2009,6,13,1,4,7589,2009-6-28
247,2009,6,13,1,5,21192,2009-6-28
248,2009,6,13,1,6,18543,2009-6-28
249,2009,6,13,1,7,1984,2009-6-28
250,2009,6,13,1,9,494,2009-6-28
251,2009,6,13,1,11,685,2009-6-28
252,2009,7,13,1,1,1257,2009-7-28
253,2009,7,13,1,3,223,2009-7-28
254,2009,7,13,1,4,1922,2009-7-28
255,2009,7,13,1,5,619,2009-7-28
256,2009,7,13,1,8,2018,2009-7-28
257,2009,8,13,1,1,56832,2009-8-28
258,2009,8,13,1,4,7432,2009-8-28
259,2009,8,13,1,5,542,2009-8-28
260,2009,8,13,1,11,604,2009-8-28
261,2009,9,13,1,1,1827,2009-9-28
262,2009,9,13,1,3,1047,2009-9-28
263,2009,9,13,1,4,4500,2009-9-28
264,2009,9,13,1,5,761,2009-9-28
265,2009,9,13,1,7,14564,2009-9-28
266,2009,9,13,1,8,1323,2009-9-28
267,2009,10,13,1,1,12499,2009-10-28
268,2009,10,13,1,2,75,2009-10-28
269,2009,10,13,1,4,18750,2009-10-28
270,2009,10,13,1,5,82,2009-10-28
271,2009,10,13,1,7,56,2009-10-28
272,2009,10,13,1,8,282,2009-10-28
273,2009,10,13,1,11,25832,2009-10-28
274,2009,11,13,1,1,3829,2009-11-28
275,2009,12,13,1,1,4597,2009-12-28
276,2009,12,13,1,4,7197,2009-12-28
277,2009,12,13,1,5,307,2009-12-28
278,2010,01,13,1,1,12605,2010-01-28
279,2010,01,13,1,3,251,2010-01-28
280,2010,01,13,1,4,1939,2010-01-28
281,2010,01,13,1,5,581,2010-01-28
282,2010,01,13,1,7,25341,2010-01-28
283,2010,01,13,1,11,891,2010-01-28
284,2010,2,13,1,1,5156,2010-2-28
285,2010,2,13,1,2,3876,2010-2-28
286,2010,2,13,1,3,61,2010-2-28
287,2010,2,13,1,4,13182,2010-2-28
288,2010,2,13,1,5,741,2010-2-28
289,2010,2,13,1,6,5973,2010-2-28
290,2010,2,13,1,7,4049,2010-2-28
291,2010,2,13,1,8,5907,2010-2-28
292,2010,2,13,1,12,445,2010-2-28
293,2010,3,13,1,1,15190,2010-3-28
294,2010,3,13,1,2,6950,2010-3-28
295,2010,3,13,1,3,362,2010-3-28
296,2010,3,13,1,4,3245,2010-3-28
297,2010,3,13,1,5,3689,2010-3-28
298,2010,3,13,1,7,7122,2010-3-28
299,2010,4,13,1,1,21015,2010-4-28
300,2010,4,13,1,3,108,2010-4-28
301,2010,4,13,1,4,11781,2010-4-28
302,2010,4,13,1,5,200,2010-4-28
303,2010,5,13,1,1,2290,2010-5-28
304,2010,5,13,1,3,282,2010-5-28
305,2010,5,13,1,4,3331,2010-5-28
306,2010,5,13,1,5,225,2010-5-28
307,2010,5,13,1,6,13906,2010-5-28
308,2010,5,13,1,7,466,2010-5-28
309,2010,5,13,1,9,674,2010-5-28
310,2010,6,13,1,1,16750,2010-6-28
311,2010,6,13,1,3,812,2010-6-28
312,2010,6,13,1,4,969,2010-6-28
313,2010,6,13,1,5,3692,2010-6-28
314,2010,6,13,1,9,897,2010-6-28
315,2010,6,13,1,10,217,2010-6-28
316,2010,6,13,1,11,657,2010-6-28
317,2010,7,13,1,1,10873,2010-7-28
318,2010,7,13,1,3,20177,2010-7-28
319,2010,7,13,1,5,2483,2010-7-28
320,2010,8,13,1,1,8989,2010-8-28
321,2010,8,13,1,4,2558,2010-8-28
322,2010,8,13,1,5,1381,2010-8-28
323,2010,8,13,1,6,4611,2010-8-28
324,2010,8,13,1,8,4984,2010-8-28
325,2010,9,13,1,1,4085,2010-9-28
326,2010,9,13,1,3,419,2010-9-28
327,2010,9,13,1,4,1846,2010-9-28
328,2010,9,13,1,5,6370,2010-9-28
329,2010,9,13,1,6,4093,2010-9-28
330,2010,9,13,1,7,9634,2010-9-28
331,2010,9,13,1,8,1055,2010-9-28
332,2010,9,13,1,10,219,2010-9-28
333,2010,10,13,1,1,2303,2010-10-28
334,2010,10,13,1,2,1881,2010-10-28
335,2010,10,13,1,4,12053,2010-10-28
336,2010,10,13,1,5,3421,2010-10-28
337,2010,10,13,1,7,1646,2010-10-28
338,2010,11,13,1,1,1799,2010-11-28
339,2010,11,13,1,3,14,2010-11-28
340,2010,11,13,1,4,1382,2010-11-28
341,2010,11,13,1,5,2281,2010-11-28
342,2010,11,13,1,6,10355,2010-11-28
343,2010,11,13,1,7,1134,2010-11-28
344,2010,11,13,1,9,79,2010-11-28
345,2010,12,13,1,1,13208,2010-12-28
346,2010,12,13,1,3,201,2010-12-28
347,2010,12,13,1,4,1479,2010-12-28
348,2010,12,13,1,5,656,2010-12-28
349,2010,12,13,1,6,4266,2010-12-28
350,2010,12,13,1,7,636,2010-12-28
351,2010,12,13,1,8,35,2010-12-28
352,2011,01,13,1,1,10069,2011-01-28
353,2011,01,13,1,3,2316,2011-01-28
354,2011,01,13,1,4,1215,2011-01-28
355,2011,01,13,1,5,2179,2011-01-28
356,2011,01,13,1,6,5007,2011-01-28
357,2011,2,13,1,1,26567,2011-2-28
358,2011,2,13,1,3,272,2011-2-28
359,2011,2,13,1,4,77,2011-2-28
360,2011,2,13,1,5,103,2011-2-28
361,2011,2,13,1,6,12037,2011-2-28
362,2011,3,13,1,1,23337,2011-3-28
363,2011,3,13,1,3,1071,2011-3-28
364,2011,3,13,1,4,4489,2011-3-28
365,2011,3,13,1,5,707,2011-3-28
366,2011,3,13,1,6,56880,2011-3-28
367,2011,3,13,1,8,935,2011-3-28
368,2011,3,13,1,12,643,2011-3-28
369,2011,4,13,1,1,27184,2011-4-28
370,2011,4,13,1,2,3078,2011-4-28
371,2011,4,13,1,4,3522,2011-4-28
372,2011,4,13,1,5,26527,2011-4-28
373,2011,5,13,1,1,4614,2011-5-28
374,2011,5,13,1,4,13189,2011-5-28
375,2011,5,13,1,5,1043,2011-5-28
376,2011,5,13,1,6,687,2011-5-28
377,2011,5,13,1,7,640,2011-5-28
378,2011,5,13,1,8,981,2011-5-28
379,2011,6,13,1,1,4240,2011-6-28
380,2011,6,13,1,4,1215,2011-6-28
381,2011,6,13,1,5,59,2011-6-28
382,2011,6,13,1,7,6300,2011-6-28
383,2011,7,13,1,1,23429,2011-7-28
384,2011,7,13,1,3,21,2011-7-28
385,2011,7,13,1,5,3841,2011-7-28
386,2011,7,13,1,6,7938,2011-7-28
387,2011,7,13,1,8,8070,2011-7-28
388,2011,7,13,1,10,170,2011-7-28
389,2011,7,13,1,11,2584,2011-7-28
390,2011,8,13,1,1,5300,2011-8-28
391,2011,8,13,1,2,703,2011-8-28
392,2011,8,13,1,3,99,2011-8-28
393,2011,8,13,1,4,2209,2011-8-28
394,2011,8,13,1,5,2764,2011-8-28
395,2011,9,13,1,1,5192,2011-9-28
396,2011,9,13,1,2,7170,2011-9-28
397,2011,9,13,1,3,3151,2011-9-28
398,2011,9,13,1,4,322,2011-9-28
399,2011,9,13,1,5,42210,2011-9-28
400,2011,9,13,1,6,7595,2011-9-28
401,2011,9,13,1,8,108,2011-9-28
402,2011,10,13,1,1,18615,2011-10-28
403,2011,10,13,1,4,27913,2011-10-28
404,2011,10,13,1,5,65,2011-10-28
405,2011,10,13,1,6,7015,2011-10-28
406,2011,10,13,1,11,60,2011-10-28
407,2011,11,13,1,1,27219,2011-11-28
408,2011,11,13,1,3,582,2011-11-28
409,2011,11,13,1,4,1151,2011-11-28
410,2011,11,13,1,5,128,2011-11-28
411,2011,11,13,1,6,4334,2011-11-28
412,2011,11,13,1,8,263,2011-11-28
413,2011,11,13,1,9,1496,2011-11-28
414,2011,12,13,1,1,2886,2011-12-28
415,2011,12,13,1,3,178,2011-12-28
416,2011,12,13,1,4,970,2011-12-28
417,2011,12,13,1,5,10704,2011-12-28
418,2011,12,13,1,7,834,2011-12-28
419,2012,01,13,1,1,33309,2012-01-28
420,2012,01,13,1,2,6069,2012-01-28
421,2012,01,13,1,4,5957,2012-01-28
422,2012,01,13,1,5,32731,2012-01-28
423,2012,01,13,1,6,2717,2012-01-28
424,2012,2,13,1,1,36116,2012-2-28
425,2012,2,13,1,3,665,2012-2-28
426,2012,2,13,1,4,13741,2012-2-28
427,2012,2,13,1,5,3988,2012-2-28
428,2012,2,13,1,8,2666,2012-2-28
429,2012,3,13,1,1,2682,2012-3-28
430,2012,3,13,1,4,5793,2012-3-28
431,2012,3,13,1,5,2432,2012-3-28
432,2012,3,13,1,6,12395,2012-3-28
433,2012,3,13,1,8,1624,2012-3-28
434,2012,3,13,1,10,4511,2012-3-28
435,2012,4,13,1,1,31196,2012-4-28
436,2012,4,13,1,2,4728,2012-4-28
437,2012,4,13,1,3,5685,2012-4-28
438,2012,4,13,1,4,27817,2012-4-28
439,2012,4,13,1,5,987,2012-4-28
440,2012,4,13,1,7,815,2012-4-28
441,2012,5,13,1,1,8287,2012-5-28
442,2012,5,13,1,3,188,2012-5-28
443,2012,5,13,1,4,10004,2012-5-28
444,2012,5,13,1,5,1749,2012-5-28
445,2012,5,13,1,8,442,2012-5-28
446,2012,5,13,1,11,107,2012-5-28
447,2012,6,13,1,1,8290,2012-6-28
448,2012,6,13,1,2,1024,2012-6-28
449,2012,6,13,1,3,1572,2012-6-28
450,2012,6,13,1,4,10110,2012-6-28
451,2012,6,13,1,5,2061,2012-6-28
452,2012,6,13,1,6,56401,2012-6-28
453,2012,6,13,1,7,8349,2012-6-28
454,2012,6,13,1,9,725,2012-6-28
455,2012,6,13,1,10,1657,2012-6-28
456,2012,7,13,1,1,45293,2012-7-28
457,2012,7,13,1,3,7974,2012-7-28
458,2012,7,13,1,5,29055,2012-7-28
459,2012,7,13,1,6,4241,2012-7-28
460,2012,7,13,1,8,1778,2012-7-28
461,2012,8,13,1,1,1727,2012-8-28
462,2012,8,13,1,3,1017,2012-8-28
463,2012,8,13,1,4,2261,2012-8-28
464,2012,8,13,1,5,1405,2012-8-28
465,2012,8,13,1,6,2600,2012-8-28
466,2012,9,13,1,1,51702,2012-9-28
467,2012,9,13,1,2,250,2012-9-28
468,2012,9,13,1,4,2701,2012-9-28
469,2012,9,13,1,5,3090,2012-9-28
470,2012,9,13,1,6,2152,2012-9-28
471,2012,10,13,1,1,10270,2012-10-28
472,2012,10,13,1,2,2848,2012-10-28
473,2012,10,13,1,3,742,2012-10-28
474,2012,10,13,1,4,2770,2012-10-28
475,2012,10,13,1,5,2125,2012-10-28
476,2012,10,13,1,6,14927,2012-10-28
477,2012,10,13,1,7,960,2012-10-28
478,2012,10,13,1,10,201,2012-10-28
479,2012,10,13,1,11,513,2012-10-28
480,2012,11,13,1,1,92958,2012-11-28
481,2012,11,13,1,3,9336,2012-11-28
482,2012,11,13,1,4,11944,2012-11-28
483,2012,11,13,1,5,2734,2012-11-28
484,2012,11,13,1,7,1151,2012-11-28
485,2012,11,13,1,8,3971,2012-11-28
486,2012,11,13,1,11,513,2012-11-28
487,2012,12,13,1,1,39708,2012-12-28
488,2012,12,13,1,3,573,2012-12-28
489,2012,12,13,1,4,9728,2012-12-28
490,2012,12,13,1,5,2813,2012-12-28
491,2012,12,13,1,6,219,2012-12-28
492,2012,12,13,1,7,10328,2012-12-28
493,2012,12,13,1,9,433,2012-12-28
494,2013,01,13,1,1,1929,2013-01-28
495,2013,01,13,1,2,27636,2013-01-28
496,2013,01,13,1,3,877,2013-01-28
497,2013,01,13,1,4,126436,2013-01-28
498,2013,01,13,1,5,10186,2013-01-28
499,2013,01,13,1,8,2698,2013-01-28
500,2013,01,13,1,11,6917,2013-01-28
501,2013,2,13,1,1,8252,2013-2-28
502,2013,2,13,1,2,159,2013-2-28
503,2013,2,13,1,4,660,2013-2-28
504,2013,2,13,1,5,3158,2013-2-28
505,2013,2,13,1,6,37569,2013-2-28
506,2013,3,13,1,1,85379,2013-3-28
507,2013,3,13,1,3,768,2013-3-28
508,2013,3,13,1,4,4169,2013-3-28
509,2013,3,13,1,5,317,2013-3-28
510,2013,3,13,1,7,1446,2013-3-28
511,2013,3,13,1,8,2804,2013-3-28
512,2013,4,13,1,1,25195,2013-4-28
513,2013,4,13,1,2,2030,2013-4-28
514,2013,4,13,1,3,4350,2013-4-28
515,2013,4,13,1,4,3947,2013-4-28
516,2013,4,13,1,5,200,2013-4-28
517,2013,4,13,1,6,6165,2013-4-28
518,2013,4,13,1,7,2855,2013-4-28
519,2013,4,13,1,8,2210,2013-4-28
520,2013,5,13,1,1,4323,2013-5-28
521,2013,5,13,1,2,4140,2013-5-28
522,2013,5,13,1,4,54355,2013-5-28
523,2013,5,13,1,5,20407,2013-5-28
524,2013,5,13,1,7,293,2013-5-28
525,2013,5,13,1,8,1734,2013-5-28
526,2013,5,13,1,9,22593,2013-5-28
527,2013,6,13,1,1,31091,2013-6-28
528,2013,6,13,1,3,830,2013-6-28
529,2013,6,13,1,4,2466,2013-6-28
530,2013,6,13,1,5,2104,2013-6-28
531,2013,6,13,1,7,1477,2013-6-28
532,2013,6,13,1,11,777,2013-6-28
533,2013,7,13,1,1,28947,2013-7-28
534,2013,7,13,1,2,9634,2013-7-28
535,2013,7,13,1,4,2547,2013-7-28
536,2013,7,13,1,5,2339,2013-7-28
537,2013,7,13,1,8,5118,2013-7-28
538,2013,8,13,1,1,11861,2013-8-28
539,2013,8,13,1,2,9635,2013-8-28
540,2013,8,13,1,3,729,2013-8-28
541,2013,8,13,1,4,3000,2013-8-28
542,2013,8,13,1,5,5276,2013-8-28
543,2013,8,13,1,6,11272,2013-8-28
544,2013,9,13,1,1,11471,2013-9-28
545,2013,9,13,1,3,1619,2013-9-28
546,2013,9,13,1,4,31300,2013-9-28
547,2013,9,13,1,5,292,2013-9-28
548,2013,9,13,1,7,43,2013-9-28
549,2013,10,13,1,1,21214,2013-10-28
550,2013,10,13,1,3,2308,2013-10-28
551,2013,10,13,1,4,4131,2013-10-28
552,2013,10,13,1,5,1485,2013-10-28
553,2013,10,13,1,6,12816,2013-10-28
554,2013,11,13,1,1,2969,2013-11-28
555,2013,11,13,1,4,2337,2013-11-28
556,2013,11,13,1,5,844,2013-11-28
557,2013,12,13,1,1,1164,2013-12-28
558,2013,12,13,1,3,123,2013-12-28
559,2013,12,13,1,4,6167,2013-12-28
560,2013,12,13,1,5,688,2013-12-28
561,2013,12,13,1,6,274,2013-12-28
562,2013,12,13,1,7,291,2013-12-28
563,2014,01,13,1,1,78140,2014-01-28
564,2014,01,13,1,4,14896,2014-01-28
565,2014,01,13,1,5,4754,2014-01-28
566,2014,01,13,1,6,71715,2014-01-28
567,2014,01,13,1,7,250,2014-01-28
568,2014,01,13,1,8,2964,2014-01-28
569,2014,2,13,1,1,60772,2014-2-28
570,2014,2,13,1,2,19,2014-2-28
571,2014,2,13,1,4,2762,2014-2-28
572,2014,2,13,1,5,1641,2014-2-28
573,2014,2,13,1,8,1116,2014-2-28
574,2014,3,13,1,1,115857,2014-3-28
575,2014,3,13,1,3,425,2014-3-28
576,2014,3,13,1,4,2120,2014-3-28
577,2014,3,13,1,5,801,2014-3-28
578,2014,3,13,1,6,250,2014-3-28
579,2014,3,13,1,8,7907,2014-3-28
580,2014,3,13,1,11,3077,2014-3-28
581,2014,4,13,1,1,33185,2014-4-28
582,2014,4,13,1,3,1789,2014-4-28
583,2014,4,13,1,4,5517,2014-4-28
584,2014,4,13,1,5,693,2014-4-28
585,2014,4,13,1,7,350,2014-4-28
586,2014,5,13,1,1,46963,2014-5-28
587,2014,5,13,1,3,3488,2014-5-28
588,2014,5,13,1,4,16057,2014-5-28
589,2014,5,13,1,5,4285,2014-5-28
590,2014,5,13,1,8,356,2014-5-28
591,2014,6,13,1,1,49485,2014-6-28
592,2014,6,13,1,3,3328,2014-6-28
593,2014,6,13,1,5,5286,2014-6-28
594,2014,6,13,1,6,14220,2014-6-28
595,2014,7,13,1,1,87013,2014-7-28
596,2014,7,13,1,3,685,2014-7-28
597,2014,7,13,1,4,20596,2014-7-28
598,2014,7,13,1,5,76959,2014-7-28
599,2014,7,13,1,7,317,2014-7-28
600,2014,8,13,1,1,910,2014-8-28
601,2014,8,13,1,4,6475,2014-8-28
602,2014,8,13,1,5,898,2014-8-28
603,2014,8,13,1,6,22527,2014-8-28
604,2014,8,13,1,7,120,2014-8-28
605,2014,8,13,1,8,1560,2014-8-28
606,2014,9,13,1,1,30822,2014-9-28
607,2014,9,13,1,2,204,2014-9-28
608,2014,9,13,1,5,1089,2014-9-28
609,2014,9,13,1,6,14193,2014-9-28
610,2014,10,13,1,1,76636,2014-10-28
611,2014,10,13,1,2,13700,2014-10-28
612,2014,10,13,1,3,1957,2014-10-28
613,2014,10,13,1,4,6003,2014-10-28
614,2014,10,13,1,5,1046,2014-10-28
615,2014,10,13,1,6,3744,2014-10-28
616,2014,11,13,1,1,47941,2014-11-28
617,2014,11,13,1,5,1092,2014-11-28
618,2014,12,13,1,1,56337,2014-12-28
619,2014,12,13,1,4,2371,2014-12-28
620,2014,12,13,1,5,29105,2014-12-28
621,2014,12,13,1,7,13697,2014-12-28
622,2015,01,13,1,1,8862,2015-01-28
623,2015,01,13,1,2,4630,2015-01-28
624,2015,01,13,1,3,1575,2015-01-28
625,2015,01,13,1,4,6453,2015-01-28
626,2015,01,13,1,5,1120,2015-01-28
627,2015,01,13,1,7,2691,2015-01-28
628,2015,01,13,1,10,714,2015-01-28
629,2015,2,13,1,1,2636,2015-2-28
630,2015,2,13,1,2,106,2015-2-28
631,2015,2,13,1,5,2196,2015-2-28
632,2015,2,13,1,8,2891,2015-2-28
633,2015,3,13,1,1,70212,2015-3-28
634,2015,3,13,1,3,697,2015-3-28
635,2015,3,13,1,5,61504,2015-3-28
636,2015,3,13,1,7,8317,2015-3-28
637,2015,3,13,1,8,627,2015-3-28
638,2015,4,13,1,1,20179,2015-4-28
639,2015,4,13,1,4,500,2015-4-28
640,2015,4,13,1,5,36733,2015-4-28
641,2015,4,13,1,6,1031,2015-4-28
642,2015,4,13,1,7,2518,2015-4-28
643,2015,5,13,1,1,43969,2015-5-28
644,2015,5,13,1,4,1579,2015-5-28
645,2015,5,13,1,5,922,2015-5-28
646,2015,5,13,1,7,1418,2015-5-28
647,2015,5,13,1,8,1234,2015-5-28
648,2015,6,13,1,1,20120,2015-6-28
649,2015,6,13,1,5,956,2015-6-28
650,2015,6,13,1,7,9070,2015-6-28
651,2015,7,13,1,1,59795,2015-7-28
652,2015,7,13,1,3,1770,2015-7-28
653,2015,7,13,1,5,2024,2015-7-28
654,2015,7,13,1,6,278,2015-7-28
655,2015,7,13,1,7,3657,2015-7-28
656,2015,7,13,1,8,2052,2015-7-28
657,2015,8,13,1,1,41089,2015-8-28
658,2015,8,13,1,3,1875,2015-8-28
659,2015,8,13,1,4,4513,2015-8-28
660,2015,8,13,1,5,2419,2015-8-28
661,2015,8,13,1,6,1960,2015-8-28
662,2015,8,13,1,7,16,2015-8-28
663,2015,9,13,1,1,73367,2015-9-28
664,2015,9,13,1,2,172,2015-9-28
665,2015,9,13,1,3,2361,2015-9-28
666,2015,9,13,1,4,5701,2015-9-28
667,2015,9,13,1,5,2341,2015-9-28
668,2015,9,13,1,8,3562,2015-9-28
669,2015,9,13,1,11,262,2015-9-28
670,2015,10,13,1,1,28347,2015-10-28
671,2015,10,13,1,4,70152,2015-10-28
672,2015,10,13,1,5,34312,2015-10-28
673,2015,10,13,1,6,14490,2015-10-28
674,2015,10,13,1,7,2548,2015-10-28
675,2015,10,13,1,8,752,2015-10-28
676,2015,11,13,1,1,24157,2015-11-28
677,2015,11,13,1,5,2282,2015-11-28
678,2015,11,13,1,8,835,2015-11-28
679,2015,11,13,1,11,50,2015-11-28
680,2015,12,13,1,1,116761,2015-12-28
681,2015,12,13,1,2,628,2015-12-28
682,2015,12,13,1,3,340,2015-12-28
683,2015,12,13,1,5,4335,2015-12-28
684,2015,12,13,1,7,5226,2015-12-28
685,2016,01,13,1,1,155040,2016-01-28
686,2016,01,13,1,3,485,2016-01-28
687,2016,01,13,1,5,19562,2016-01-28
688,2016,01,13,1,6,30767,2016-01-28
689,2016,01,13,1,7,1764,2016-01-28
690,2016,2,13,1,1,78254,2016-2-28
691,2016,2,13,1,3,203,2016-2-28
692,2016,2,13,1,5,15633,2016-2-28
693,2016,2,13,1,11,1312,2016-2-28
694,2016,3,13,1,1,28810,2016-3-28
695,2016,3,13,1,5,708,2016-3-28
696,2016,3,13,1,6,1415,2016-3-28
697,2016,3,13,1,8,6786,2016-3-28
698,2016,4,13,1,1,63067,2016-4-28
699,2016,4,13,1,3,234,2016-4-28
700,2016,4,13,1,4,1253,2016-4-28
701,2016,4,13,1,5,1169,2016-4-28
702,2016,4,13,1,6,4191,2016-4-28
703,2016,4,13,1,8,1137,2016-4-28
704,2016,4,13,1,10,1156,2016-4-28
705,2016,5,13,1,1,118732,2016-5-28
706,2016,5,13,1,5,1734,2016-5-28
707,2016,5,13,1,7,325,2016-5-28
708,2016,5,13,1,10,373,2016-5-28
709,2016,6,13,1,1,48650,2016-6-28
710,2016,6,13,1,4,8162,2016-6-28
711,2016,6,13,1,5,271,2016-6-28
712,2016,6,13,1,6,1569,2016-6-28
713,2016,6,13,1,8,947,2016-6-28
714,2016,6,13,1,10,816,2016-6-28
715,2016,7,13,1,1,69147,2016-7-28
716,2016,7,13,1,3,102,2016-7-28
717,2016,7,13,1,4,3000,2016-7-28
718,2016,7,13,1,5,6736,2016-7-28
719,2016,8,13,1,1,42390,2016-8-28
720,2016,8,13,1,3,11368,2016-8-28
721,2016,8,13,1,4,2031,2016-8-28
722,2016,8,13,1,5,860,2016-8-28
723,2016,8,13,1,6,1601,2016-8-28
724,2016,9,13,1,1,227249,2016-9-28
725,2016,9,13,1,2,107,2016-9-28
726,2016,9,13,1,3,5938,2016-9-28
727,2016,9,13,1,5,2605,2016-9-28
728,2016,9,13,1,7,354,2016-9-28
729,2016,9,13,1,8,13898,2016-9-28
730,2016,10,13,1,1,86025,2016-10-28
731,2016,10,13,1,3,363,2016-10-28
732,2016,10,13,1,5,16632,2016-10-28
733,2016,10,13,1,7,2182,2016-10-28
734,2016,10,13,1,10,784,2016-10-28
735,2016,11,13,1,1,65190,2016-11-28
736,2016,11,13,1,3,9072,2016-11-28
737,2016,11,13,1,5,560,2016-11-28
738,2016,11,13,1,9,2073,2016-11-28
739,2016,12,13,1,1,115001,2016-12-28
740,2016,12,13,1,5,1572,2016-12-28
741,2017,01,13,1,1,37462,2017-01-28
742,2017,01,13,1,3,414,2017-01-28
743,2017,01,13,1,5,109,2017-01-28
744,2017,01,13,1,8,304,2017-01-28
745,2017,2,13,1,1,78983,2017-2-28
746,2017,2,13,1,4,805,2017-2-28
747,2017,2,13,1,5,2298,2017-2-28
748,2017,2,13,1,8,434,2017-2-28
749,2017,3,13,1,1,65725,2017-3-28
750,2017,3,13,1,3,2166,2017-3-28
751,2017,3,13,1,4,4202,2017-3-28
752,2017,3,13,1,5,28,2017-3-28
753,2017,3,13,1,9,5931,2017-3-28
754,2017,4,13,1,1,34108,2017-4-28
755,2017,4,13,1,7,193,2017-4-28
756,2017,5,13,1,1,13357,2017-5-28
757,2017,5,13,1,3,5320,2017-5-28
758,2017,5,13,1,4,1103,2017-5-28
759,2017,5,13,1,5,3121,2017-5-28
760,2017,5,13,1,6,6375,2017-5-28
761,2017,6,13,1,1,22179,2017-6-28
762,2017,6,13,1,4,4378,2017-6-28
763,2017,6,13,1,5,889,2017-6-28
764,2017,6,13,1,6,4145,2017-6-28
765,2017,7,13,1,1,69829,2017-7-28
766,2017,7,13,1,2,5851,2017-7-28
767,2017,7,13,1,3,128,2017-7-28
768,2017,7,13,1,4,10699,2017-7-28
769,2017,7,13,1,5,4472,2017-7-28
770,2017,7,13,1,6,2560,2017-7-28
771,2017,7,13,1,8,1207,2017-7-28
772,2017,7,13,1,11,316,2017-7-28
773,2017,8,13,1,1,6371,2017-8-28
774,2017,8,13,1,2,166,2017-8-28
775,2017,8,13,1,5,365,2017-8-28
776,2017,8,13,1,6,3676,2017-8-28
777,2017,8,13,1,7,1650,2017-8-28
778,2017,8,13,1,10,44,2017-8-28
779,2017,9,13,1,1,24187,2017-9-28
780,2017,9,13,1,5,1997,2017-9-28
781,2017,9,13,1,7,33373,2017-9-28
782,2017,10,13,1,1,70359,2017-10-28
783,2017,10,13,1,4,851,2017-10-28
784,2017,10,13,1,5,983,2017-10-28
785,2017,10,13,1,8,747,2017-10-28
786,2017,10,13,1,10,138,2017-10-28
787,2017,10,13,1,11,605,2017-10-28
788,2017,11,13,1,1,23484,2017-11-28
789,2017,11,13,1,3,377,2017-11-28
790,2017,11,13,1,5,770,2017-11-28
791,2017,11,13,1,6,56415,2017-11-28
792,2017,11,13,1,7,689,2017-11-28
793,2017,12,13,1,1,2684,2017-12-28
794,2017,12,13,1,5,1365,2017-12-28
795,2017,12,13,1,6,56401,2017-12-28
796,2017,12,13,1,7,2320,2017-12-28
797,2017,12,13,1,8,35,2017-12-28
798,2017,12,13,1,10,225,2017-12-28
799,2018,01,13,1,1,7046,2018-01-28
800,2018,01,13,1,2,6018,2018-01-28
801,2018,01,13,1,5,521,2018-01-28
802,2018,01,13,1,7,106,2018-01-28
803,2018,2,13,1,1,49334,2018-2-28
804,2018,2,13,1,5,884,2018-2-28
805,2018,2,13,1,8,475,2018-2-28
806,2018,3,13,1,1,2503,2018-3-28
807,2018,3,13,1,4,5548,2018-3-28
808,2018,3,13,1,5,1883,2018-3-28
809,2018,3,13,1,6,592,2018-3-28
810,2018,4,13,1,1,115593,2018-4-28
811,2018,4,13,1,3,21047,2018-4-28
812,2018,4,13,1,5,1955,2018-4-28
813,2018,4,13,1,8,1530,2018-4-28
814,2018,5,13,1,1,1518,2018-5-28
815,2018,5,13,1,4,1512,2018-5-28
816,2018,5,13,1,5,1638,2018-5-28
817,2018,5,13,1,8,1787,2018-5-28
818,2018,6,13,1,1,123492,2018-6-28
819,2018,6,13,1,4,96,2018-6-28
820,2018,6,13,1,5,1129,2018-6-28
821,2018,6,13,1,6,2532,2018-6-28
822,2018,6,13,1,7,4776,2018-6-28
823,2018,6,13,1,11,3900,2018-6-28
824,2018,7,13,1,1,33800,2018-7-28
825,2018,7,13,1,5,449,2018-7-28
826,2018,7,13,1,7,513,2018-7-28
827,2018,8,13,1,1,22360,2018-8-28
828,2018,8,13,1,4,23265,2018-8-28
829,2018,8,13,1,5,1833,2018-8-28
830,2018,8,13,1,6,1962,2018-8-28
831,2018,8,13,1,8,730,2018-8-28
832,2018,9,13,1,1,73964,2018-9-28
833,2018,9,13,1,3,314,2018-9-28
834,2018,9,13,1,4,5031,2018-9-28
835,2018,9,13,1,5,808,2018-9-28
836,2018,10,13,1,1,38119,2018-10-28
837,2018,10,13,1,4,435,2018-10-28
838,2018,10,13,1,5,168207,2018-10-28
839,2018,10,13,1,6,8266,2018-10-28
840,2018,10,13,1,7,228,2018-10-28
841,2018,11,13,1,1,1591,2018-11-28
842,2018,11,13,1,3,106,2018-11-28
843,2018,11,13,1,5,160,2018-11-28
844,2018,11,13,1,7,368,2018-11-28
845,2018,11,13,1,8,26,2018-11-28
846,2018,12,13,1,1,12409,2018-12-28
847,2018,12,13,1,3,15742,2018-12-28
848,2018,12,13,1,4,79,2018-12-28
849,2018,12,13,1,5,758,2018-12-28
850,2018,12,13,1,6,38887,2018-12-28
851,2018,12,13,1,7,102,2018-12-28
852,2018,12,13,1,8,1346,2018-12-28
853,2019,01,13,1,1,22902,2019-01-28
854,2019,01,13,1,4,793,2019-01-28
855,2019,01,13,1,5,384,2019-01-28
856,2019,01,13,1,6,1634,2019-01-28
857,2019,01,13,1,7,260,2019-01-28
858,2019,01,13,1,8,564,2019-01-28
859,2019,2,13,1,1,866,2019-2-28
860,2019,2,13,1,5,3610,2019-2-28
861,2019,2,13,1,7,5870,2019-2-28
862,2019,3,13,1,1,249141,2019-3-28
863,2019,3,13,1,2,817,2019-3-28
864,2019,3,13,1,3,1468,2019-3-28
865,2019,3,13,1,4,1812,2019-3-28
866,2019,3,13,1,5,254,2019-3-28
867,2019,3,13,1,6,230,2019-3-28
868,2019,3,13,1,7,8517,2019-3-28
869,2019,4,13,1,1,2844,2019-4-28
870,2019,4,13,1,3,868,2019-4-28
871,2019,4,13,1,4,237,2019-4-28
872,2019,4,13,1,5,1679,2019-4-28
873,2019,4,13,1,7,2730,2019-4-28
874,2019,4,13,1,9,2743,2019-4-28
875,2019,5,13,1,1,5851,2019-5-28
876,2019,5,13,1,3,217,2019-5-28
877,2019,5,13,1,4,1865,2019-5-28
878,2019,5,13,1,5,4026,2019-5-28
879,2019,5,13,1,6,25751,2019-5-28
880,2019,6,13,1,1,9525,2019-6-28
881,2019,6,13,1,5,7273,2019-6-28
882,2019,6,13,1,6,2405,2019-6-28
883,2019,6,13,1,12,2131,2019-6-28
884,2019,7,13,1,1,24141,2019-7-28
885,2019,7,13,1,3,1032,2019-7-28
886,2019,7,13,1,5,1373,2019-7-28
887,2019,7,13,1,8,4933,2019-7-28
888,2019,8,13,1,1,5063,2019-8-28
889,2019,8,13,1,5,2408,2019-8-28
890,2019,8,13,1,7,781,2019-8-28
891,2019,9,13,1,1,52031,2019-9-28
892,2019,9,13,1,5,2931,2019-9-28
893,2019,9,13,1,6,2244,2019-9-28
894,2019,9,13,1,7,4305,2019-9-28
895,2019,9,13,1,9,1035,2019-9-28
896,2019,10,13,1,1,31675,2019-10-28
897,2019,10,13,1,4,2166,2019-10-28
898,2019,10,13,1,5,1981,2019-10-28
899,2019,10,13,1,6,199,2019-10-28
900,2019,10,13,1,7,1338,2019-10-28
901,2019,10,13,1,10,1114,2019-10-28
902,2019,11,13,1,1,52996,2019-11-28
903,2019,11,13,1,5,367,2019-11-28
904,2019,11,13,1,9,4025,2019-11-28
905,2019,12,13,1,1,39025,2019-12-28
906,2019,12,13,1,4,2682,2019-12-28
907,2019,12,13,1,5,751,2019-12-28
908,2019,12,13,1,7,3064,2019-12-28
909,2020,01,13,1,1,76885,2020-01-28
910,2020,01,13,1,2,619,2020-01-28
911,2020,01,13,1,4,1307,2020-01-28
912,2020,01,13,1,5,6337,2020-01-28
913,2020,01,13,1,7,2910,2020-01-28
914,2020,01,13,1,8,2685,2020-01-28
915,2020,2,13,1,1,62011,2020-2-28
916,2020,2,13,1,3,1184,2020-2-28
917,2020,2,13,1,4,2501,2020-2-28
918,2020,2,13,1,5,869,2020-2-28
919,2020,2,13,1,6,8098,2020-2-28
920,2020,2,13,1,8,306,2020-2-28
921,2020,3,13,1,1,19283,2020-3-28
922,2020,3,13,1,4,6552,2020-3-28
923,2020,3,13,1,5,712,2020-3-28
924,2020,3,13,1,6,13,2020-3-28
925,2020,4,13,1,10,223,2020-4-28
926,2020,5,13,1,1,665,2020-5-28
927,2020,5,13,1,5,525,2020-5-28
928,2020,6,13,1,1,80759,2020-6-28
929,2020,6,13,1,4,8985,2020-6-28
930,2020,6,13,1,5,578,2020-6-28
931,2020,6,13,1,8,3955,2020-6-28
932,2020,7,13,1,1,24606,2020-7-28
933,2020,7,13,1,5,440,2020-7-28
934,2020,7,13,1,6,38607,2020-7-28
935,2020,8,13,1,1,18447,2020-8-28
936,2020,8,13,1,5,1782,2020-8-28
937,2020,8,13,1,6,8329,2020-8-28
938,2020,9,13,1,1,47722,2020-9-28
939,2020,9,13,1,3,25092,2020-9-28
940,2020,9,13,1,4,10242,2020-9-28
941,2020,9,13,1,5,1000,2020-9-28
942,2020,9,13,1,6,5047,2020-9-28
943,2020,10,13,1,1,32496,2020-10-28
944,2020,10,13,1,5,202,2020-10-28
945,2020,10,13,1,6,4111,2020-10-28
946,2020,11,13,1,1,64702,2020-11-28
947,2020,11,13,1,3,1443,2020-11-28
948,2020,11,13,1,5,266,2020-11-28
949,2020,12,13,1,1,76713,2020-12-28
950,2020,12,13,1,2,5210,2020-12-28
